{
  "0.5B_Q4": {
    "model": "0.5B",
    "quant": "Q4",
    "size_mb": 379.0,
    "bpw": 6.07,
    "accuracies": [
      15.0,
      15.0,
      12.0
    ],
    "mean": 14.0,
    "std": 1.7
  },
  "0.5B_Q3": {
    "model": "0.5B",
    "quant": "Q3",
    "size_mb": 339.0,
    "bpw": 5.42,
    "accuracies": [
      16.0,
      16.0,
      12.0
    ],
    "mean": 14.7,
    "std": 2.3
  },
  "0.8B_Q4": {
    "model": "0.8B",
    "quant": "Q4",
    "size_mb": 505.0,
    "bpw": 5.05,
    "accuracies": [
      21.0,
      22.0,
      19.0
    ],
    "mean": 20.7,
    "std": 1.5
  },
  "0.8B_Q3": {
    "model": "0.8B",
    "quant": "Q3",
    "size_mb": 445.0,
    "bpw": 4.45,
    "accuracies": [
      15.0,
      17.0,
      14.000000000000002
    ],
    "mean": 15.3,
    "std": 1.5
  },
  "3B_Q4": {
    "model": "3B",
    "quant": "Q4",
    "size_mb": 1840.0,
    "bpw": 4.91,
    "accuracies": [
      55.00000000000001,
      50.0,
      51.0
    ],
    "mean": 52.0,
    "std": 2.6
  },
  "3B_Q3": {
    "model": "3B",
    "quant": "Q3",
    "size_mb": 1517.0,
    "bpw": 4.04,
    "accuracies": [
      22.0,
      19.0,
      17.0
    ],
    "mean": 19.3,
    "std": 2.5
  }
}